{"global_step": 98496, "_timestamp": 1707876838.5918546, "charts/loss": 1.0394080877304077, "_runtime": 1177.7621266841888, "_step": 1539, "_wandb": {"runtime": 1304}}