{"global_step": 9792, "_timestamp": 1707873818.1541529, "charts/loss": 3.882080078125, "_runtime": 79.65430188179016, "_step": 153, "_wandb": {"runtime": 204}}