{"global_step": 9728, "_timestamp": 1707883999.9855273, "charts/loss": 2.9702718257904053, "_runtime": 80.69968819618225, "_step": 76, "_wandb": {"runtime": 123}}